{"cameraMode":{"drawMode":0,"name":"Shaded","section":"Shading Mode"},"sceneLighting":true,"audioPlay":false,"sceneViewState":{"showFog":true,"showMaterialUpdate":false,"showSkybox":true,"showFlares":true,"showImageEffects":true,"showParticleSystems":true},"in2DMode":false,"pivot":{"x":-8.213273048400879,"y":0.3351725935935974,"z":17.07293701171875},"rotation":{"x":0.00023033427714835852,"y":0.9997775554656982,"z":-0.01620621792972088,"w":0.014098512940108776},"size":4.041658401489258,"orthographic":false}